{
    "viewportHeight" : 768,
    "viewportWidth" : 1388,
    "reporter": "cypress-mochawesome-reporter",
    "reporterOptions": {
    "reportDir": "cypress/reports",
    "charts": true,
    "reportPageTitle": "My Test Suite",
    "embeddedScreenshots": true,
    "inlineAssets": true
  },
  "video": true,
    "retries":2,
     "env" : {
        "testWeb": "https://qa.kp.kiddoware.com/register",
        "Web":"https://kidsplace.kiddoware.com/login",
        "appname1":"Hangouts",
        "appname2":"Zomato",
        "email":"sushant.sharma010990@gmail.com",
        "pass":"23802380"
    }
}